계약일,연도,업무,유형,수요기관,업체,계약금액,계약명,계약방법,링크
2025-07-15,2025,용역,D. 시스템·IoT 구축/유지,전북특별자치도 남원시 보건소,천일정보기술 주식회사,123500000,치매환자 24시 스마트 건강돌봄 확대 용역,제한경쟁,http://www.g2b.go.kr
2024-06-25,2024,용역,D. 시스템·IoT 구축/유지,전북특별자치도 남원시 보건소,주식회사 링크로드,81000000,치매환자 24시간 스마트 건강돌봄 장비 설치 용역,수의계약,http://www.g2b.go.kr
2024-07-18,2024,용역,D. 시스템·IoT 구축/유지,전북특별자치도 남원시 보건소,주식회사 링크로드,81000000,치매환자 24시간 스마트 건강돌봄 장비 설치 용역,수의계약,http://www.g2b.go.kr
2026-01-07,2026,용역,D. 시스템·IoT 구축/유지,전북특별자치도 남원시 보건소,주식회사 씨스원,61628350,2026년 치매환자 24시 스마트 건강 돌봄 유지보수 용역,수의계약,http://www.g2b.go.kr
2024-08-01,2024,용역,E. VR·체험 콘텐츠,충청북도 청주시 서원보건소,키이스케이프 주식회사,44900000,체험형 치매인식개선 콘텐츠 제작 용역  계약,수의계약,http://www.g2b.go.kr
2024-08-02,2024,용역,E. VR·체험 콘텐츠,충청북도 청주시 서원보건소,키이스케이프 주식회사,44900000,체험형 치매인식개선 콘텐츠 제작 용역  계약,수의계약,http://www.g2b.go.kr
2026-01-28,2026,용역,G. 오프라인 프로그램 운영,전남광주통합특별시 광양시 보건소,노리몰,39870740,2026년 뇌 청춘 건강 100세 치매예방 프로그램 운영용역,제한경쟁,http://www.g2b.go.kr
2025-04-11,2025,용역,D. 시스템·IoT 구축/유지,전북특별자치도 남원시 보건소,천일정보기술 주식회사,35800000,남원시보건소 치매환자 24시 스마트 건강돌봄 유지보수 용역,수의계약,http://www.g2b.go.kr
2026-04-28,2026,용역,D. 시스템·IoT 구축/유지,전북특별자치도 남원시 보건소,천일정보기술 주식회사,21000000,2026년 치매환자 24시 스마트 건강돌봄 유지보수 용역,수의계약,http://www.g2b.go.kr
2026-01-13,2026,용역,C. 앱·모바일 SW,전북특별자치도 남원시 보건소,(주)펀웨이브,13734000,2026년 모바일 치매예방교육 앱 기억하리 유지보수 용역,수의계약,http://www.g2b.go.kr
2025-01-13,2025,용역,C. 앱·모바일 SW,전북특별자치도 남원시 보건소,(주)펀웨이브,13734000,2025년 모바일 치매예방교육 앱 기억하리 유지관리 용역,수의계약,http://www.g2b.go.kr
2024-01-29,2024,용역,C. 앱·모바일 SW,전북특별자치도 남원시 보건소,(주)펀웨이브,13734000,2024년 모바일 치매예방교육 앱 기억하리 유지관리 용역,수의계약,http://www.g2b.go.kr
2024-12-23,2024,용역,B. 돌봄로봇·AI 음성,부산광역시 강서구 보건소,(주)바이오스포텍,12540000,"「치매어르신 스마트 건강돌봄 서비스, 부모사랑 효돌」 렌탈서비스",수의계약,http://www.g2b.go.kr
2026-04-28,2026,용역,G. 오프라인 프로그램 운영,경기도 화성시 동탄구보건소,(주)대교뉴이프,10800000,2026년 인지강화 토탈케어 프로그램 용역,수의계약,http://www.g2b.go.kr
2025-03-19,2025,용역,G. 오프라인 프로그램 운영,경기도 화성시 만세구보건소,주식회사 대교,10800000,인지강화 토탈케어 운영에 따른 용역 ,수의계약,http://www.g2b.go.kr
2025-03-19,2025,용역,G. 오프라인 프로그램 운영,경기도 화성시 동탄구보건소,주식회사 대교,10800000,인지강화 토탈케어 프로그램 용역,수의계약,http://www.g2b.go.kr
2026-01-14,2026,용역,H. 기타,충청남도 당진시 보건소,재단법인 행복커넥트,8448000,재가 치매환자 AI 스마트 돌봄사업 용역(맟춤형 사례관리),수의계약,http://www.g2b.go.kr
2025-01-16,2025,용역,H. 기타,충청남도 당진시 보건소,재단법인 행복커넥트,8448000,재가 치매환자 AI 스마트 돌봄사업 용역,수의계약,http://www.g2b.go.kr
2024-01-26,2024,용역,H. 기타,충청남도 당진시 보건소,재단법인 행복커넥트,8227250,재가 치매 환자 AI 스마트 돌봄 사업 용역,수의계약,http://www.g2b.go.kr
2025-03-19,2025,용역,G. 오프라인 프로그램 운영,경기도 화성시 병점구보건소,주식회사 대교,8100000,방문형 인지강화 토탈케어 프로그램 운영에 따른 용역 시행,수의계약,http://www.g2b.go.kr
2026-02-26,2026,용역,C. 앱·모바일 SW,인천광역시 남동구 보건소,주식회사 원메딕스인더스트리,8064000,2026년 스마트어플 치매예방교실 운영 계약,수의계약,http://www.g2b.go.kr
2025-12-22,2025,용역,B. 돌봄로봇·AI 음성,부산광역시 강서구 보건소,(주)바이오스포텍,7940000,"「치매어르신 스마트 돌봄 서비스, 부모사랑 효돌」렌탈서비스 ",수의계약,http://www.g2b.go.kr
2025-12-29,2025,용역,C. 앱·모바일 SW,충청북도 증평군 보건소,주식회사 하야트,7920000,모바일 AI 치매예방 플랫폼 사업 운영관리 용역,수의계약,http://www.g2b.go.kr
2024-12-26,2024,용역,C. 앱·모바일 SW,충청북도 증평군 보건소,주식회사 하야트,7236000,모바일 AI 치매예방 플랫폼 사업 운영관리 용역,수의계약,http://www.g2b.go.kr
2025-12-19,2025,용역,B. 돌봄로봇·AI 음성,충청남도 공주시 보건소,주식회사 로보케어,6930000,2026년 그룹형 인지훈련로봇시스템 '실벗' 유지보수 용역,수의계약,http://www.g2b.go.kr
2024-09-23,2024,용역,B. 돌봄로봇·AI 음성,충청북도 음성군 보건소,주식회사 원더풀플랫폼,6732000,2024년 치매생활기능보조장비 사업 운영을 위한 ai로봇 임대 단가계약,수의계약,http://www.g2b.go.kr
2024-01-16,2024,용역,C. 앱·모바일 SW,충청북도 증평군 보건소,주식회사 하야트,6570000,모바일 AI 치매예방 플랫폼 사업 운영관리 용역 계약,수의계약,http://www.g2b.go.kr
2026-01-02,2026,용역,B. 돌봄로봇·AI 음성,충청북도 옥천군 보건소,주식회사 효돌,5940000,2026년 인공지능 치매 통합 돌봄 서비스 용역(인공지능 돌봄 로봇),수의계약,http://www.g2b.go.kr
2024-09-23,2024,용역,G. 오프라인 프로그램 운영,세종특별자치시 보건소,한국문화연수원,5750000,2024년 치매가족 치유 프로그램 운영 계약,수의계약,http://www.g2b.go.kr
2026-03-25,2026,용역,G. 오프라인 프로그램 운영,경기도 화성시 병점구보건소,(주)대교뉴이프,5400000,방문형 인지강화 토탈케어 프로그램 운영에 따른 용역,수의계약,http://www.g2b.go.kr
2026-03-31,2026,용역,G. 오프라인 프로그램 운영,경기도 화성시 효행구보건소,(주)대교뉴이프,5400000,인지강화 토탈케어 프로그램 운영에 따라 용역 시행 ,수의계약,http://www.g2b.go.kr
2026-04-17,2026,용역,G. 오프라인 프로그램 운영,경기도 화성시 만세구보건소,(주)대교뉴이프,5400000,인지강화 토탈케어 프로그램 운영에 따른 용역 시행,수의계약,http://www.g2b.go.kr
2025-06-04,2025,용역,B. 돌봄로봇·AI 음성,충청남도 공주시 보건소,주식회사 로보케어,4981900,2025년 그룹형 인지훈련로봇시스템 실벗 유지보수 용역,수의계약,http://www.g2b.go.kr
2026-08-21,2026,용역,B. 돌봄로봇·AI 음성,충청북도 옥천군 보건소,주식회사 효돌,4455000,2026년 인공지능 치매 통합 돌봄 서비스 용역(인공지능 돌봄 로봇),수의계약,http://www.g2b.go.kr
2026-01-22,2026,용역,B. 돌봄로봇·AI 음성,충청북도 청주시 청원보건소,주식회사 행복이룸,4114000,2026년 인공지능(AI) 케어콜 치매돌봄서비스 ,수의계약,http://www.g2b.go.kr
2026-01-27,2026,용역,B. 돌봄로봇·AI 음성,충청북도 청주시 흥덕보건소,세종네트웍스 주식회사,4114000,2026년 인공지능(AI) 케어콜 치매돌봄서비스 용역 계약,수의계약,http://www.g2b.go.kr
2026-01-29,2026,용역,B. 돌봄로봇·AI 음성,충청북도 청주시 서원보건소,세종네트웍스 주식회사,4114000,2026년 인공지능(AI) 케어콜 치매돌봄서비스 용역,수의계약,http://www.g2b.go.kr
2024-01-22,2024,용역,D. 시스템·IoT 구축/유지,충청남도 서천군 보건소,주식회사 초록에서 농업회사법인,3960000,2024년 치매안심센터 스마트가든 유지보수 용역,수의계약,http://www.g2b.go.kr
2024-02-22,2024,용역,D. 시스템·IoT 구축/유지,충청남도 서천군 보건소,주식회사 초록에서 농업회사법인,3600000,2024년 치매안심센터 스마트가든 유지보수 용역,수의계약,http://www.g2b.go.kr
2026-07-22,2026,용역,D. 시스템·IoT 구축/유지,경기도 포천시 보건소,삼성에어컨시스템,2717000,선단치매안심센터 시스템 에어컨 수리 용역,수의계약,http://www.g2b.go.kr
2026-01-30,2026,용역,F. 장비 임대,경기도 용인시 수지구보건소,힐링업,1581250,2026년 인지재활 훈련을 위한 치매인지재활 프로그램 및 장비 임대,수의계약,http://www.g2b.go.kr
2026-01-19,2026,용역,B. 돌봄로봇·AI 음성,강원특별자치도 정선군 보건소,주식회사 에버영피플,1210000,2026년 치매안심센터 AI케어콜 프리미엄 서비스 용역,수의계약,http://www.g2b.go.kr
2025-02-24,2025,용역,B. 돌봄로봇·AI 음성,강원특별자치도 정선군 보건소,주식회사 에버영피플,990000,2025 치매안심센터 ai케어콜 서비스 용역,수의계약,http://www.g2b.go.kr
2026-02-23,2026,물품,A. 교재·워크북·교구 인쇄,전북특별자치도 정읍시 보건소,모아디자인광고,0,치매관리사업 추진에 따른 인지강화용품 구입,수의계약,http://www.g2b.go.kr
2026-03-27,2026,물품,A. 교재·워크북·교구 인쇄,충청남도 예산군 보건소,(주)대교뉴이프,0,그룹형(1:1) 방문 인지 프로그램 운영을 위한 물품 구입(인지워크북),수의계약,http://www.g2b.go.kr
2026-06-26,2026,물품,A. 교재·워크북·교구 인쇄,강원특별자치도 춘천시 보건소,실버케어,0,치매환자 지원용 인지강화 교재 구입,수의계약,http://www.g2b.go.kr
2026-07-06,2026,물품,A. 교재·워크북·교구 인쇄,충청남도 예산군 보건소,아카데미인쇄과학,0,2026년 치매 인지강화 돌봄물품 구입,수의계약,http://www.g2b.go.kr
2026-07-22,2026,물품,A. 교재·워크북·교구 인쇄,충청남도 천안시 동남구 보건소 ,천안플러스유통,0,치매환자 인지강화활동 물품 구입,수의계약,http://www.g2b.go.kr
2026-08-06,2026,물품,A. 교재·워크북·교구 인쇄,충청남도 공주시 보건소,진로닷컴,0,2026년 치매환자 조호물품(인지강화용품 및 약달력) 구입,수의계약,http://www.g2b.go.kr
2025-02-05,2025,물품,A. 교재·워크북·교구 인쇄,충청남도 천안시 동남구 보건소 ,천안플러스유통,0,치매환자 및 맞춤형 사례관리를 위한 인지강화활동 물품 구입,수의계약,http://www.g2b.go.kr
2025-02-20,2025,물품,A. 교재·워크북·교구 인쇄,충청북도 영동군 보건소,주식회사 기억놀이연구소,0,2025년 경로당 인지프로그램운영 교구 구입,수의계약,http://www.g2b.go.kr
2025-03-17,2025,물품,A. 교재·워크북·교구 인쇄,전남광주통합특별시 남구 보건소,(주)광신커뮤니케이션,0,2025년 치매안심센터 인지훈련 교재 제작∙구입,수의계약,http://www.g2b.go.kr
2025-03-25,2025,물품,A. 교재·워크북·교구 인쇄,충청남도 천안시 동남구 보건소 ,천안인쇄주식회사,0,치매안심센터 인지훈련 책자 제작(기억채움),수의계약,http://www.g2b.go.kr
2025-03-31,2025,물품,F. 장비 임대,서울특별시 서초구 보건소,주식회사 라이넥스,0,방배보건지소 인지재활훈련 장비 구매,수의계약,http://www.g2b.go.kr
2025-06-26,2025,물품,E. VR·체험 콘텐츠,강원특별자치도 원주시 보건소,놀깨교육,0,치매 인지재활 VR장비 구입,수의계약,http://www.g2b.go.kr
2025-11-10,2025,물품,A. 교재·워크북·교구 인쇄,경상남도 진주시 보건소,진주문고 초전점,0,인지프로그램 운영에 필요한 교재 구입(아트북),수의계약,http://www.g2b.go.kr
2025-11-12,2025,물품,F. 장비 임대,강원특별자치도 춘천시 보건소,주식회사 퍼슨,0,춘천시노인전문병원 치매전문병동 의료장비 구입(전산화인지프로그램),수의계약,http://www.g2b.go.kr
2025-11-13,2025,물품,A. 교재·워크북·교구 인쇄,경상남도 진주시 보건소,주식회사 우리마더,0,치매예방 및 인지강화교실 운영에 필요한 교재 구입,수의계약,http://www.g2b.go.kr
2025-12-01,2025,물품,D. 시스템·IoT 구축/유지,인천광역시 중구 보건소,주식회사 지앤에스인터내셔널,0,인지재활 훈련시스템 장비(코트라스 D) 구입,수의계약,http://www.g2b.go.kr
2025-12-04,2025,물품,A. 교재·워크북·교구 인쇄,충청남도 공주시 보건소,영종합물류,0,치매예방교실 및 인지강화교실 프로그램 교구 구입(하루여행 외 5종),수의계약,http://www.g2b.go.kr
2024-03-27,2024,물품,A. 교재·워크북·교구 인쇄,경기도 화성시 만세구보건소,예지디자인,0,방문건강관리사업 인지강화워크북 제본,수의계약,http://www.g2b.go.kr
2024-04-26,2024,물품,A. 교재·워크북·교구 인쇄,경기도 고양시 일산서구보건소,뉴톤커뮤니케이션스,0,2024년 인지재활 학습교재 「숨은기억찾기」 제작,수의계약,http://www.g2b.go.kr
2024-06-03,2024,물품,A. 교재·워크북·교구 인쇄,경상남도 양산시 양산시보건소,(주)느티나무의사랑,0,치매안심센터 대상자 인지재활을 위한 조호물품(인지꾸러미) 구입,수의계약,http://www.g2b.go.kr
2024-06-04,2024,물품,A. 교재·워크북·교구 인쇄,충청북도 보은군 보건소,영종합물류,0,2024년 치매관리사업 추진을 위한 인지교구 제작,수의계약,http://www.g2b.go.kr
2024-08-26,2024,물품,A. 교재·워크북·교구 인쇄,충청남도 보령시 보건소,메디팜,0,그룹인지재활훈련시스템 교구 구입,수의계약,http://www.g2b.go.kr
2024-09-04,2024,물품,A. 교재·워크북·교구 인쇄,부산광역시 연제구 보건소,(주)바이오스포텍,0,치매안심센터 운영물품 구입(인지 훈련 프로그램),수의계약,http://www.g2b.go.kr
2024-09-12,2024,물품,A. 교재·워크북·교구 인쇄,충청북도 제천시 보건소,주식회사 하나기획,0,뇌건강 인지활동 교구 구입,수의계약,http://www.g2b.go.kr
2024-10-21,2024,물품,A. 교재·워크북·교구 인쇄,충청남도 보령시 보건소,주식회사 이론친구들,0,치매안심센터 프로그램 인지교구 구입,수의계약,http://www.g2b.go.kr
2024-11-28,2024,물품,A. 교재·워크북·교구 인쇄,충청남도 공주시 보건소,진로닷컴,0,2024년 치매예방교실 및 인지강화교실 프로그램 교구(애플자석보드 외 4종) 구입,수의계약,http://www.g2b.go.kr
2024-12-11,2024,물품,A. 교재·워크북·교구 인쇄,경상남도 거창군 보건소,덕유문고,0,뇌톡톡 인지활동 동절기 프로그램 운영 재료(색칠북) 구매,수의계약,http://www.g2b.go.kr
2024-12-12,2024,물품,A. 교재·워크북·교구 인쇄,대전광역시 서구 보건소,주식회사 한국실버교육협회,0,2024년 치매환자 인지교재 및 교구(실버인지놀이 워크북1 외 7종) 구입,수의계약,http://www.g2b.go.kr
2024-12-12,2024,물품,A. 교재·워크북·교구 인쇄,충청남도 예산군 보건소,주식회사 제이엔제이컴퍼니,0,2024년 인지강화 꾸러미 구입,수의계약,http://www.g2b.go.kr
2024-12-12,2024,물품,A. 교재·워크북·교구 인쇄,대전광역시 서구 보건소,타임문고시청점 주식회사,0,2024년 치매환자 인지교재 및 교구(365브레인피트니스(1-12) 외 4종) 구입,수의계약,http://www.g2b.go.kr
2024-12-13,2024,물품,A. 교재·워크북·교구 인쇄,대전광역시 서구 보건소,주식회사 우리마더,0,2024년 치매환자 인지교재 및 교구(마더북세트 외 7종) 구입,수의계약,http://www.g2b.go.kr
2024-12-16,2024,물품,A. 교재·워크북·교구 인쇄,충청남도 공주시 보건소,진로닷컴,0,2024년 치매예방교실 및 인지강화교실 프로그램 교구(애플자석보드 외 4종) 구입,수의계약,http://www.g2b.go.kr
2026-01-14,2026,물품,A. 교재·워크북·교구 인쇄,강원특별자치도 춘천시 보건소,인더엘 디자인 스튜디오,0,치매환자 실종예방 지원사업 스마트태그 구입,수의계약,http://www.g2b.go.kr
2026-01-28,2026,물품,A. 교재·워크북·교구 인쇄,경상남도 거창군 보건소,경상의료기상사,0,전 보건기관 치매예방프로그램 운영 물품(펠트손난로만들기 등 8종) 구매,수의계약,http://www.g2b.go.kr
2026-01-28,2026,물품,A. 교재·워크북·교구 인쇄,경상남도 거창군 보건소,주식회사큰걸음미디어,0,전 보건기관 치매예방프로그램 운영 물품(나전칠기 자개 쟁반 만들기) 구매,수의계약,http://www.g2b.go.kr
2026-05-28,2026,물품,D. 시스템·IoT 구축/유지,전북특별자치도 남원시 보건소,천일정보기술 주식회사,0,2026년 치매환자 24시 스마트 건강돌봄 장비 구입,수의계약,http://www.g2b.go.kr
2026-06-16,2026,물품,A. 교재·워크북·교구 인쇄,경상남도 거창군 보건소,도서출판새샘,0,"전 보건기관 치매예방프로그램 운영 물품(워크북, 색연필) 구매",수의계약,http://www.g2b.go.kr
2026-06-19,2026,물품,A. 교재·워크북·교구 인쇄,경상남도 거창군 보건소,주식회사큰걸음미디어,0,하반기 전 보건기관 치매예방프로그램 운영 재료 구매,수의계약,http://www.g2b.go.kr
2026-06-23,2026,물품,A. 교재·워크북·교구 인쇄,경상남도 거창군 보건소,경원팜,0,전 보건기관 치매예방프로그램 홍보물품 구매,수의계약,http://www.g2b.go.kr
2026-07-16,2026,물품,A. 교재·워크북·교구 인쇄,충청남도 공주시 보건소,대한광고건설 주식회사,0,2026년 뇌운동학교(치매주간보호소) 운영물품(교재 및 교구) 구입,수의계약,http://www.g2b.go.kr
2026-08-18,2026,물품,A. 교재·워크북·교구 인쇄,강원특별자치도 강릉시 보건소,주식회사 솔더,0,치매안심센터 프로그램 운영을 위한 물품 구입(비디오 프로젝터),수의계약,http://www.g2b.go.kr
2025-02-20,2025,물품,A. 교재·워크북·교구 인쇄,경상남도 거창군 보건소,위드마켓,0,전 보건기관 치매예방프로그램 운영 재료(바구니 만들기 등 3종) 구매,수의계약,http://www.g2b.go.kr
2025-02-20,2025,물품,A. 교재·워크북·교구 인쇄,경상남도 거창군 보건소,주식회사큰걸음미디어,0,전보건기관 치매예방프로그램 운영 재료(버킷백 만들기 등 3종) 구매,수의계약,http://www.g2b.go.kr
2025-03-04,2025,물품,A. 교재·워크북·교구 인쇄,경상남도 거창군 보건소,성윤,0,전 보건기관 치매예방 프로그램 운영 재료(고무신) 구매,수의계약,http://www.g2b.go.kr
2025-03-05,2025,물품,A. 교재·워크북·교구 인쇄,경상남도 거창군 보건소,덕유문고,0,전 보건기관 치매예방 프로그램 운영 재료(색칠북) 구매,수의계약,http://www.g2b.go.kr
2025-03-06,2025,물품,A. 교재·워크북·교구 인쇄,전북특별자치도 정읍시 보건소,삼미상사,0,치매관리사업에 따른 뉴케어 구입,수의계약,http://www.g2b.go.kr
2025-04-02,2025,물품,A. 교재·워크북·교구 인쇄,경상남도 거창군 보건소,덕유문고,0,전 보건기관 치매예방프로그램 운영 교재(색칠북) 구매,수의계약,http://www.g2b.go.kr
2025-04-17,2025,물품,A. 교재·워크북·교구 인쇄,전북특별자치도 정읍시 보건소,삼미상사,0,치매관리사업에 따른 뉴케어 구입,수의계약,http://www.g2b.go.kr
2025-08-05,2025,물품,A. 교재·워크북·교구 인쇄,경상남도 거창군 보건소,영농조합법인에듀팜,0,전 보건기관 치매예방프로그램 운영 재료(도어벨 만들기) 구매 ,수의계약,http://www.g2b.go.kr
2025-08-05,2025,물품,A. 교재·워크북·교구 인쇄,경상남도 거창군 보건소,모든마케팅,0,전 보건기관 치매예방프로그램 운영 재료(가방만들기) 구매,수의계약,http://www.g2b.go.kr
2025-08-05,2025,물품,G. 오프라인 프로그램 운영,경상남도 거창군 보건소,아름드리몰,0,전 보건기관 치매예방프로그램 운영 재료(석고 모기기피제 만들기) 구매,수의계약,http://www.g2b.go.kr
2025-08-12,2025,물품,H. 기타,서울특별시 관악구 보건소,이룸아이앤씨,0,치매안심센터 스마트케어 기기 구매(수의계약),수의계약,http://www.g2b.go.kr
2025-08-14,2025,물품,A. 교재·워크북·교구 인쇄,전남광주통합특별시 남구 보건소,영농조합법인에듀팜,0,치매환자쉼터 교구 구입,수의계약,http://www.g2b.go.kr
2025-08-19,2025,물품,A. 교재·워크북·교구 인쇄,경상남도 거창군 보건소,장원유통,0,전 보건기관 치매예방프로그램 홍보물품 구매,수의계약,http://www.g2b.go.kr
2025-11-14,2025,물품,D. 시스템·IoT 구축/유지,전북특별자치도 남원시 보건소,천일정보기술 주식회사,0,치매환자 24시 스마트 건강돌봄 장비 구입,수의계약,http://www.g2b.go.kr
2024-02-19,2024,물품,A. 교재·워크북·교구 인쇄,전남광주통합특별시 남구 보건소,태양상사,0,치매환자 스마트태그 구입,수의계약,http://www.g2b.go.kr
2024-02-21,2024,물품,A. 교재·워크북·교구 인쇄,전북특별자치도 정읍시 보건소,웅진서점,0,치매관리사업 뉴케어 수의견적 공고,수의계약,http://www.g2b.go.kr
2024-04-04,2024,물품,A. 교재·워크북·교구 인쇄,경기도 남양주시 남양주보건소,스포런,0,치매환자 조호키트 구입,수의계약,http://www.g2b.go.kr
2024-04-29,2024,물품,A. 교재·워크북·교구 인쇄,경기도 안성시 보건소,주식회사큰걸음미디어,0,2024년 독거노인 치매예방프로그램 물품 구입,수의계약,http://www.g2b.go.kr
2024-06-03,2024,물품,A. 교재·워크북·교구 인쇄,경상남도 거제시 보건소,서진기획,0,2024년 치매환자 쉼터 프로그램 운영 홍보물품 구입,수의계약,http://www.g2b.go.kr
2024-07-12,2024,물품,H. 기타,서울특별시 관악구 보건소,주식회사 오이코스,0,치매안심센터 스마트미러 기기 구매,수의계약,http://www.g2b.go.kr
2024-07-25,2024,물품,A. 교재·워크북·교구 인쇄,경기도 남양주시 남양주보건소,(주)비앤씨메디칼,0,치매예방프로그램 및 조기검진 홍보물품 구매,수의계약,http://www.g2b.go.kr
2024-08-13,2024,물품,A. 교재·워크북·교구 인쇄,경상북도 칠곡군 보건소,휠라인 업 스포츠,0,치매환자 조호물품(뉴케어 데이밀 슈퍼블랙) 구입,수의계약,http://www.g2b.go.kr
2024-08-26,2024,물품,A. 교재·워크북·교구 인쇄,충청남도 공주시 보건소,진로닷컴,0,뇌운동학교(치매주간보호소) 운영 물품(교재 및 교구) 구입,수의계약,http://www.g2b.go.kr
2024-09-02,2024,물품,A. 교재·워크북·교구 인쇄,충청남도 당진시 보건소,당진만상,0,치매안심센터 치매관리사업 프로그램 대상자 사후관리 운영물품 구입,수의계약,http://www.g2b.go.kr
2024-10-25,2024,물품,A. 교재·워크북·교구 인쇄,충청남도 예산군 보건소,주식회사 클린에어텍,0,2024년 치매환자 실종예방물품(스마트태그) 구입,수의계약,http://www.g2b.go.kr
2024-11-27,2024,물품,A. 교재·워크북·교구 인쇄,경상남도 거창군 보건소,원 메디칼,0,치매예방사업 운영 교구(자석 초코에듀볼 옮기기) 구매,수의계약,http://www.g2b.go.kr
2024-12-13,2024,물품,A. 교재·워크북·교구 인쇄,대전광역시 서구 보건소,다함기획,0,치매안심마을 맞춤형 치매안심 주거환경 조성 물품(스마트태그2 외 5종) 구입,수의계약,http://www.g2b.go.kr
2024-12-19,2024,물품,B. 돌봄로봇·AI 음성,인천광역시 강화군 보건소,주식회사팜월드,0,치매환자 AI돌봄로봇(효돌) 구입,수의계약,http://www.g2b.go.kr
